{"schema":6,"addons":[{"id":"uBlock0@raymondhill.net","icons":{"32":"https://addons.mozilla.org/user-media/addon_icons/607/607454-32.png?modified=mcrushed","64":"https://addons.mozilla.org/user-media/addon_icons/607/607454-64.png?modified=mcrushed","128":"https://addons.mozilla.org/user-media/addon_icons/607/607454-128.png?modified=mcrushed"},"name":"uBlock Origin","version":"1.42.4","sourceURI":"https://addons.mozilla.org/firefox/downloads/file/3933192/ublock_origin-1.42.4-an+fx.xpi","homepageURL":"https://github.com/gorhill/uBlock#ublock-origin","supportURL":"https://old.reddit.com/r/uBlockOrigin/","description":"Finally, an efficient wide-spectrum content blocker. Easy on CPU and memory.","fullDescription":"uBlock Origin is not an \"ad blocker\", it's a wide-spectrum content blocker with CPU and memory efficiency as a primary feature.\n\n***\n\nOut of the box, uBO blocks ads, trackers, coin miners, popups, etc. through the following lists of filters, enabled by default:\n\n- EasyList (ads)\n- EasyPrivacy (tracking)\n- Peter Lowe’s Ad server list (ads and tracking)\n- Online Malicious URL Blocklist\n- uBO's own lists\n\nMore lists are available for you to select if you wish:\n\n- EasyList Cookie\n- Fanboy Annoyances\n- AdGuard Annoyances\n- Dan Pollock’s hosts file\n- And many others\n\nAdditionally, you can point-and-click to block JavaScript locally or globally, create your own global or local rules to override entries from filter lists, and many more advanced features.\n\n***\n\nFree.\nOpen source with public license (GPLv3)\nFor users by users.\n\nIf ever you really do want to contribute something, think about the people working hard to maintain the filter lists you are using, which were made available to use by all for free.\n\n***\n\n    Documentation\n    Release notes\n    Community support @ Reddit\n    Contributors @ GitHub\n    Contributors @ Crowdin","weeklyDownloads":116030,"type":"extension","creator":{"name":"Raymond Hill","url":"https://addons.mozilla.org/en-US/firefox/user/11423598/"},"developers":[],"screenshots":[{"url":"https://addons.mozilla.org/user-media/previews/full/238/238546.png?modified=1622132421","width":1011,"height":758,"thumbnailURL":"https://addons.mozilla.org/user-media/previews/thumbs/238/238546.jpg?modified=1622132421","thumbnailWidth":533,"thumbnailHeight":400,"caption":"The popup panel: default mode"},{"url":"https://addons.mozilla.org/user-media/previews/full/238/238548.png?modified=1622132423","width":1011,"height":758,"thumbnailURL":"https://addons.mozilla.org/user-media/previews/thumbs/238/238548.jpg?modified=1622132423","thumbnailWidth":533,"thumbnailHeight":400,"caption":"The dashboard: stock filter lists"},{"url":"https://addons.mozilla.org/user-media/previews/full/238/238547.png?modified=1622132425","width":1011,"height":758,"thumbnailURL":"https://addons.mozilla.org/user-media/previews/thumbs/238/238547.jpg?modified=1622132425","thumbnailWidth":533,"thumbnailHeight":400,"caption":"The popup panel: default-deny mode"},{"url":"https://addons.mozilla.org/user-media/previews/full/238/238549.png?modified=1622132426","width":1011,"height":758,"thumbnailURL":"https://addons.mozilla.org/user-media/previews/thumbs/238/238549.jpg?modified=1622132426","thumbnailWidth":533,"thumbnailHeight":400,"caption":"The dashboard: settings"},{"url":"https://addons.mozilla.org/user-media/previews/full/238/238552.png?modified=1622132430","width":970,"height":1800,"thumbnailURL":"https://addons.mozilla.org/user-media/previews/thumbs/238/238552.jpg?modified=1622132430","thumbnailWidth":216,"thumbnailHeight":400,"caption":"The popup panel in Firefox Preview: default mode with more blocking options revealed"},{"url":"https://addons.mozilla.org/user-media/previews/full/230/230370.png?modified=1622132432","width":800,"height":600,"thumbnailURL":"https://addons.mozilla.org/user-media/previews/thumbs/230/230370.jpg?modified=1622132432","thumbnailWidth":533,"thumbnailHeight":400,"caption":"The unified logger tells you all that uBO is seeing and doing"}],"contributionURL":"","averageRating":4.7722,"reviewCount":3605,"reviewURL":"https://addons.mozilla.org/en-US/firefox/addon/ublock-origin/reviews/","updateDate":1651158690000},{"id":"jid1-KKzOGWgsW3Ao4Q@jetpack","icons":{"32":"https://addons.mozilla.org/user-media/addon_icons/481/481438-32.png?modified=1648138451","64":"https://addons.mozilla.org/user-media/addon_icons/481/481438-64.png?modified=1648138451","128":"https://addons.mozilla.org/user-media/addon_icons/481/481438-128.png?modified=1648138451"},"name":"I don't care about cookies","version":"3.3.8","sourceURI":"https://addons.mozilla.org/firefox/downloads/file/3925251/i_dont_care_about_cookies-3.3.8-an+fx.xpi","homepageURL":"https://www.i-dont-care-about-cookies.eu/","supportURL":"https://www.i-dont-care-about-cookies.eu/","description":"Get rid of cookie warnings from almost all websites!","fullDescription":"The EU regulations require that any website using tracking cookies must get user's permission before installing them. These warnings appear on most websites until the visitor agrees with the website's terms and conditions. Imagine how irritating that becomes when you surf anonymously or if you delete cookies automatically every time you close the browser.\n\nThis add-on will remove these cookie warnings from almost all websites! You can report any website which still warns you about cookies: just click 'Report a cookie warning' from the extension menu (the brown cookie image next to your address bar).\n\nIn most cases, the add-on just blocks or hides cookie related pop-ups. When it's needed for the website to work properly, it will automatically accept the cookie policy for you (sometimes it will accept all and sometimes only necessary cookie categories, depending on what's easier to do). It doesn't delete cookies.\n\nOther browsers are supported too. Check https://www.i-dont-care-about-cookies.eu/ for info, support and donations.\n\n\nPrivacy policy related stuff:\n\nIf the user chooses \"Report a cookie warning\" from the menu, this add-on collects the URL of the current page and redirects user to the reporting page.\n\nThis addon periodicaly (usually once a year) notifies users about what has been and needs to be done.","weeklyDownloads":8325,"type":"extension","creator":{"name":"Kiko","url":"https://addons.mozilla.org/en-US/firefox/user/10289989/"},"developers":[],"screenshots":[{"url":"https://addons.mozilla.org/user-media/previews/full/207/207405.png?modified=1622132359","width":1280,"height":800,"thumbnailURL":"https://addons.mozilla.org/user-media/previews/thumbs/207/207405.jpg?modified=1622132359","thumbnailWidth":533,"thumbnailHeight":333,"caption":"\"I don't care about cookies\" browser extension."},{"url":"https://addons.mozilla.org/user-media/previews/full/207/207406.png?modified=1622132361","width":823,"height":380,"thumbnailURL":"https://addons.mozilla.org/user-media/previews/thumbs/207/207406.jpg?modified=1622132361","thumbnailWidth":533,"thumbnailHeight":246,"caption":"Get rid of these with \"I don't care about cookies\" browser extension."}],"contributionURL":"https://paypal.me/kiboke/?utm_content=product-page-contribute&utm_medium=referral&utm_source=addons.mozilla.org","averageRating":4.6097,"reviewCount":352,"reviewURL":"https://addons.mozilla.org/en-US/firefox/addon/i-dont-care-about-cookies/reviews/","updateDate":1647866614000},{"id":"private-relay@firefox.com","icons":{"32":"https://addons.mozilla.org/user-media/addon_icons/2633/2633704-32.png?modified=2c11a80b","64":"https://addons.mozilla.org/user-media/addon_icons/2633/2633704-64.png?modified=2c11a80b","128":"https://addons.mozilla.org/user-media/addon_icons/2633/2633704-128.png?modified=2c11a80b"},"name":"Firefox Relay","version":"2.3.4","sourceURI":"https://addons.mozilla.org/firefox/downloads/file/3940990/firefox_relay-2.3.4-fx.xpi","homepageURL":"https://relay.firefox.com/","supportURL":"https://github.com/mozilla/fx-private-relay-add-on/issues","description":"Firefox Relay lets you generate email aliases that forward to your real inbox. Use it to hide your real email address and protect yourself from hackers and unwanted mail.","fullDescription":"We all make many online accounts, but most of them are linked to just one or two email addresses. This means if just one account is hacked, every account using the same email address could also be at risk.\n\nFirefox Relay helps you protect your real email address — the one most closely tied to your online identity. It lets you generate unique, random aliases you can use to sign up for accounts, apps, or newsletters, and forwards messages to your real address. If you find that an account is sending unwanted email or spam, you can block the alias and it will stop sending email to your inbox. Once you no longer want an account, you can delete the alias.\n\nWant more protection and convenience? With Firefox Relay Premium you can create unlimited aliases and send replies. Additionally, you can create a custom domain for your aliases that’s easier to remember and share. Need an alias for a restaurant reservation? Just say restaurantname@yourdomain.mozmail.com — no need to create the alias beforehand.","weeklyDownloads":2565,"type":"extension","creator":{"name":"Mozilla Firefox","url":"https://addons.mozilla.org/en-US/firefox/user/4757633/"},"developers":[],"screenshots":[{"url":"https://addons.mozilla.org/user-media/previews/full/263/263509.png?modified=1637070915","width":1540,"height":1000,"thumbnailURL":"https://addons.mozilla.org/user-media/previews/thumbs/263/263509.jpg?modified=1637070915","thumbnailWidth":533,"thumbnailHeight":346,"caption":"Click the Relay button in email fields to generate a new alias right away."},{"url":"https://addons.mozilla.org/user-media/previews/full/263/263510.png?modified=1637070914","width":1540,"height":1000,"thumbnailURL":"https://addons.mozilla.org/user-media/previews/thumbs/263/263510.jpg?modified=1637070914","thumbnailWidth":533,"thumbnailHeight":346,"caption":"Right-click (Windows) or Control-click (macOS) on form fields to access the menu and generate an alias."},{"url":"https://addons.mozilla.org/user-media/previews/full/263/263511.png?modified=1637070915","width":1540,"height":1000,"thumbnailURL":"https://addons.mozilla.org/user-media/previews/thumbs/263/263511.jpg?modified=1637070915","thumbnailWidth":533,"thumbnailHeight":346,"caption":"You get a new, random address that ends in @mozmail.com. Relay will forward messages to the primary email address associated with your account."},{"url":"https://addons.mozilla.org/user-media/previews/full/263/263512.png?modified=1637070915","width":1540,"height":1000,"thumbnailURL":"https://addons.mozilla.org/user-media/previews/thumbs/263/263512.jpg?modified=1637070915","thumbnailWidth":533,"thumbnailHeight":346,"caption":"Use the Relay website to keep track of the aliases you’ve created. If you find that one receives spam or unwanted messages, you can block all messages or even delete the alias, right from the management page."}],"contributionURL":"","averageRating":4.0763,"reviewCount":431,"reviewURL":"https://addons.mozilla.org/en-US/firefox/addon/private-relay/reviews/","updateDate":1651720595000},{"id":"{e58d3966-3d76-4cd9-8552-1582fbc800c1}","icons":{"32":"https://addons.mozilla.org/user-media/addon_icons/1013/1013715-32.png?modified=121a7563","64":"https://addons.mozilla.org/user-media/addon_icons/1013/1013715-64.png?modified=121a7563","128":"https://addons.mozilla.org/user-media/addon_icons/1013/1013715-128.png?modified=121a7563"},"name":"Buster: Captcha Solver for Humans","version":"1.3.1","sourceURI":"https://addons.mozilla.org/firefox/downloads/file/3861819/buster_captcha_solver_for_humans-1.3.1-fx.xpi","homepageURL":"https://github.com/dessant/buster","supportURL":"https://github.com/dessant/buster/issues","description":"Save time by asking Buster to solve captchas for you.","fullDescription":"Buster is a Firefox extension which helps you to solve difficult captchas by completing reCAPTCHA audio challenges using speech recognition. Challenges are solved by clicking on the extension button at the bottom of the reCAPTCHA widget.\n\nIt is not guaranteed that challenges are always solved, the limitations of the technology need to be considered.\n\nThe continued development of Buster is made possible thanks to the support of awesome backers. If you'd like to join them, please consider contributing with Patreon, PayPal or Bitcoin.\n\nClient app\n\nThe success rate of the extension can be improved by simulating user interactions with the help of a client app. Follow the instructions from the extension's options to download and install the client app on Windows, Linux and macOS, or get the app from this repository.\n\nSolving more than a couple of reCAPTCHA challenges a day may lead to a temporary block, regardless of your use of the extension. Visit the wiki for more details.\n\nAnti-fingerprinting prevents the client app from moving the mouse as expected. If privacy.resistFingerprinting has been turned on from about:config, make sure to also enable keyboard navigation from the extension's options.\n\nMotivation\n\nreCAPTCHA challenges remain a considerable burden on the web, delaying and often blocking our access to services and information depending on our physical and cognitive abilities, our social and cultural background, and the devices or networks we connect from.\n\nThe difficulty of captchas can be so out of balance, that sometimes they seem friendlier to bots than they are to humans.\n\nThe goal of this project is to improve our experience with captchas, by giving us easy access to solutions already utilized by automated systems.\n\nRequired permissions:\n\n    Access your data for all websites: required for accessing challenges\n    Exchange messages with programs other than Firefox: needed for interacting with the client app when user input simulation is enabled\n    Display notifications: used for displaying error messages\n    Access browser activity during navigation: needed for resetting challenges\n\n\nThe extension is also available for Chrome and Edge.\n\nReviews are not monitored for bug reports, please use GitHub for issues and feature requests.\nhttps://github.com/dessant/buster","weeklyDownloads":774,"type":"extension","creator":{"name":"Armin Sebastian","url":"https://addons.mozilla.org/en-US/firefox/user/12929064/"},"developers":[],"screenshots":[{"url":"https://addons.mozilla.org/user-media/previews/full/211/211910.png?modified=1622134177","width":1280,"height":800,"thumbnailURL":"https://addons.mozilla.org/user-media/previews/thumbs/211/211910.jpg?modified=1622134177","thumbnailWidth":533,"thumbnailHeight":333,"caption":"Solve the captcha by clicking on the extension button at the bottom of the reCAPTCHA widget."},{"url":"https://addons.mozilla.org/user-media/previews/full/211/211911.png?modified=1622134179","width":1280,"height":800,"thumbnailURL":"https://addons.mozilla.org/user-media/previews/thumbs/211/211911.jpg?modified=1622134179","thumbnailWidth":533,"thumbnailHeight":333,"caption":"Solve the captcha by clicking on the extension button at the bottom of the reCAPTCHA widget."}],"contributionURL":"https://www.paypal.com/donate?hosted_button_id=GLL4UNSNU6SQN&utm_content=product-page-contribute&utm_medium=referral&utm_source=addons.mozilla.org","averageRating":3.9461,"reviewCount":110,"reviewURL":"https://addons.mozilla.org/en-US/firefox/addon/buster-captcha-solver/reviews/","updateDate":1635853098000},{"id":"{a457369f-d69d-4c1f-bfdc-0bb62559d258}","icons":{"32":"https://addons.mozilla.org/user-media/addon_icons/985/985252-32.png?modified=34c4a48f","64":"https://addons.mozilla.org/user-media/addon_icons/985/985252-64.png?modified=34c4a48f","128":"https://addons.mozilla.org/user-media/addon_icons/985/985252-128.png?modified=34c4a48f"},"name":"Dynalist Companion Clipper","version":"0.4","sourceURI":"https://addons.mozilla.org/firefox/downloads/file/3440537/dynalist_companion_clipper-0.4-an+fx.xpi","homepageURL":"https://dynalist.io","supportURL":"https://dynalist.io","description":"Clip and capture to your Dynalist.","fullDescription":"Dynalist Companion Clipper clips the current page URL and selected text to your Dynalist inbox location.\n\nInstructions:\n\n(1) To use this extension, you need to have a Dynalist account. If you don't have one, sign up for one here: https://dynalist.io/signup\n\n(2) Set an inbox location in Dynalist. Here's how: https://help.dynalist.io/article/119-set-an-inbox-location\n\n(3) Log into Dynalist on the browser.\n\n(4) Use the extension icon to capture the current page, or use the right click menu to clip current page or selected text.\n\n\nAdvanced usage:\n\n(1) When the capture popup is open, you can hit Ctrl+Enter to capture;\n\n(2) Customize the format of your captured text in options.\nWebsite\nReport Abuse","weeklyDownloads":13,"type":"extension","creator":{"name":"Dynalist Inc.","url":"https://addons.mozilla.org/en-US/firefox/user/14138768/"},"developers":[],"screenshots":[{"url":"https://addons.mozilla.org/user-media/previews/full/204/204837.png?modified=1622133494","width":640,"height":400,"thumbnailURL":"https://addons.mozilla.org/user-media/previews/thumbs/204/204837.jpg?modified=1622133494","thumbnailWidth":533,"thumbnailHeight":333,"caption":"Use context menu to capture selected text."},{"url":"https://addons.mozilla.org/user-media/previews/full/204/204838.png?modified=1622133495","width":640,"height":400,"thumbnailURL":"https://addons.mozilla.org/user-media/previews/thumbs/204/204838.jpg?modified=1622133495","thumbnailWidth":533,"thumbnailHeight":333,"caption":"Use context menu to capture current page URL."},{"url":"https://addons.mozilla.org/user-media/previews/full/204/204839.png?modified=1622133496","width":640,"height":400,"thumbnailURL":"https://addons.mozilla.org/user-media/previews/thumbs/204/204839.jpg?modified=1622133496","thumbnailWidth":533,"thumbnailHeight":333,"caption":"Use the popup to capture page information."}],"contributionURL":"","averageRating":4.6,"reviewCount":5,"reviewURL":"https://addons.mozilla.org/en-US/firefox/addon/dynalist-companion-clipper/reviews/","updateDate":1573013108000}]}