{"version":1,"addons":{"gmp-widevinecdm":{"id":"gmp-widevinecdm","enabled":true,"installed":true,"modified":1650741142062,"type":"plugin","scope":4,"foreignInstall":false},"doh-rollout@mozilla.org":{"id":"doh-rollout@mozilla.org","guid":"{be8faff6-1b04-4002-ab33-23273b8a9fb1}","enabled":true,"installed":true,"modified":1650741132933,"type":"extension","scope":1,"foreignInstall":false,"isSyncable":false},"formautofill@mozilla.org":{"id":"formautofill@mozilla.org","guid":"{93430b0c-292c-4622-bf71-921e4b421ae3}","enabled":true,"installed":true,"modified":1650741132933,"type":"extension","scope":1,"foreignInstall":false,"isSyncable":false},"pictureinpicture@mozilla.org":{"id":"pictureinpicture@mozilla.org","guid":"{e2ccb41d-53f5-406b-a1c0-0b93c94a81e7}","enabled":true,"installed":true,"modified":1650741132933,"type":"extension","scope":1,"foreignInstall":false,"isSyncable":false},"screenshots@mozilla.org":{"id":"screenshots@mozilla.org","guid":"{d2d14eca-dcc0-48e0-a3dd-e1d28a158f21}","enabled":true,"installed":true,"modified":1650741132934,"type":"extension","scope":1,"foreignInstall":false,"isSyncable":false},"webcompat-reporter@mozilla.org":{"id":"webcompat-reporter@mozilla.org","guid":"{bc4a3a55-91d4-4cc2-80af-c8329b91969d}","enabled":false,"installed":true,"modified":1650741132934,"type":"extension","scope":1,"foreignInstall":false,"isSyncable":false},"webcompat@mozilla.org":{"id":"webcompat@mozilla.org","guid":"{758debf3-0e3c-4f16-bf19-e08483d9da47}","enabled":true,"installed":true,"modified":1650741132934,"type":"extension","scope":1,"foreignInstall":false,"isSyncable":false},"default-theme@mozilla.org":{"id":"default-theme@mozilla.org","guid":"{2671e2ed-0fa0-41a2-afe0-49146d8480eb}","enabled":true,"installed":true,"modified":1650741132934,"type":"theme","scope":4,"foreignInstall":false,"isSyncable":false},"addons-search-detection@mozilla.com":{"id":"addons-search-detection@mozilla.com","guid":"{4a35c37c-ca05-4b32-aa0e-c9efc62d8f07}","enabled":true,"installed":true,"modified":1650741132934,"type":"extension","scope":4,"foreignInstall":false,"isSyncable":false},"google@search.mozilla.org":{"id":"google@search.mozilla.org","guid":"{1ebc77aa-84b1-46f4-ad49-3dcfaaf23b4c}","enabled":true,"installed":true,"modified":1650741132935,"type":"extension","scope":4,"foreignInstall":false,"isSyncable":false},"amazondotcom@search.mozilla.org":{"id":"amazondotcom@search.mozilla.org","guid":"{c78e42be-9f60-48c8-8e39-e29200050664}","enabled":true,"installed":true,"modified":1650741132935,"type":"extension","scope":4,"foreignInstall":false,"isSyncable":false},"wikipedia@search.mozilla.org":{"id":"wikipedia@search.mozilla.org","guid":"{ac646b69-b985-483c-a7fe-5ec8136dd23c}","enabled":true,"installed":true,"modified":1650741132935,"type":"extension","scope":4,"foreignInstall":false,"isSyncable":false},"bing@search.mozilla.org":{"id":"bing@search.mozilla.org","guid":"{918c844d-da18-47b0-ba0a-51b063ebf796}","enabled":true,"installed":true,"modified":1650741132935,"type":"extension","scope":4,"foreignInstall":false,"isSyncable":false},"ddg@search.mozilla.org":{"id":"ddg@search.mozilla.org","guid":"{ad638087-9962-427a-b6de-ec5da40db98a}","enabled":true,"installed":true,"modified":1650741132941,"type":"extension","scope":4,"foreignInstall":false,"isSyncable":false},"firefox-compact-light@mozilla.org":{"id":"firefox-compact-light@mozilla.org","guid":"{521b9570-3e3f-4322-a3fe-2ab056f33000}","enabled":false,"installed":true,"modified":1650741132941,"type":"theme","scope":4,"foreignInstall":false,"isSyncable":false},"firefox-compact-dark@mozilla.org":{"id":"firefox-compact-dark@mozilla.org","guid":"{56877613-d49e-4b69-9e4f-4e00b97e83e4}","enabled":false,"installed":true,"modified":1650741132942,"type":"theme","scope":4,"foreignInstall":false,"isSyncable":false},"firefox-alpenglow@mozilla.org":{"id":"firefox-alpenglow@mozilla.org","guid":"{6df6bfc7-4301-48cd-849f-af10e7b8d7e7}","enabled":false,"installed":true,"modified":1650741132943,"type":"theme","scope":4,"foreignInstall":false,"isSyncable":false},"2022red-colorway@mozilla.org":{"id":"2022red-colorway@mozilla.org","guid":"{978e29fe-c3f8-4ab3-ba2f-2752b005acd2}","enabled":false,"installed":false,"modified":1650741132943,"type":"theme","scope":4,"foreignInstall":false,"isSyncable":false},"2022orange-colorway@mozilla.org":{"id":"2022orange-colorway@mozilla.org","guid":"{0ee89c05-7673-494c-ab68-002d213fee35}","enabled":false,"installed":false,"modified":1650741132943,"type":"theme","scope":4,"foreignInstall":false,"isSyncable":false},"2022green-colorway@mozilla.org":{"id":"2022green-colorway@mozilla.org","guid":"{5b856959-58e8-4208-aeba-0f200fda2075}","enabled":false,"installed":false,"modified":1650741132943,"type":"theme","scope":4,"foreignInstall":false,"isSyncable":false},"2022yellow-colorway@mozilla.org":{"id":"2022yellow-colorway@mozilla.org","guid":"{ac5dfbf1-eb79-4b97-b677-dba625840cd1}","enabled":false,"installed":false,"modified":1650741132943,"type":"theme","scope":4,"foreignInstall":false,"isSyncable":false},"2022purple-colorway@mozilla.org":{"id":"2022purple-colorway@mozilla.org","guid":"{255687a0-7735-49e8-ad4b-c9f0ea5f7031}","enabled":false,"installed":false,"modified":1650741132943,"type":"theme","scope":4,"foreignInstall":false,"isSyncable":false},"2022blue-colorway@mozilla.org":{"id":"2022blue-colorway@mozilla.org","guid":"{23970100-b61b-4d45-b860-19c33097f368}","enabled":false,"installed":false,"modified":1650741132944,"type":"theme","scope":4,"foreignInstall":false,"isSyncable":false},"gmp-gmpopenh264":{"id":"gmp-gmpopenh264","enabled":true,"installed":true,"modified":1650741132944,"type":"plugin","scope":4,"foreignInstall":false},"{a457369f-d69d-4c1f-bfdc-0bb62559d258}":{"id":"{a457369f-d69d-4c1f-bfdc-0bb62559d258}","guid":"{19ded021-8e03-49e3-bbea-2f1d0970ceca}","enabled":true,"installed":true,"modified":1651726750877,"type":"extension","scope":1,"foreignInstall":false,"isSyncable":true},"{e58d3966-3d76-4cd9-8552-1582fbc800c1}":{"id":"{e58d3966-3d76-4cd9-8552-1582fbc800c1}","guid":"{9fea5c0b-649f-42dd-9e2d-9671345fb21a}","enabled":true,"installed":true,"modified":1651726740379,"type":"extension","scope":1,"foreignInstall":false,"isSyncable":true},"private-relay@firefox.com":{"id":"private-relay@firefox.com","guid":"{376cfd89-af23-40f6-a5ca-046707ff8dfc}","enabled":true,"installed":true,"modified":1651726762116,"type":"extension","scope":1,"foreignInstall":false,"isSyncable":true},"uBlock0@raymondhill.net":{"id":"uBlock0@raymondhill.net","guid":"{7bc05f41-c714-43d6-a8a4-aa48fc0f7b02}","enabled":true,"installed":true,"modified":1651726791249,"type":"extension","scope":1,"foreignInstall":false,"isSyncable":true},"jid1-KKzOGWgsW3Ao4Q@jetpack":{"id":"jid1-KKzOGWgsW3Ao4Q@jetpack","guid":"{fa5e5cb3-39ad-44d4-b458-2c6859b7e151}","enabled":true,"installed":true,"modified":1651726778123,"type":"extension","scope":1,"foreignInstall":false,"isSyncable":true}},"changes":[[1651726677152,2,"2022red-colorway@mozilla.org"],[1651726677152,2,"2022orange-colorway@mozilla.org"],[1651726677152,2,"2022green-colorway@mozilla.org"],[1651726677152,2,"2022yellow-colorway@mozilla.org"],[1651726677152,2,"2022purple-colorway@mozilla.org"],[1651726677153,2,"2022blue-colorway@mozilla.org"],[1651726740214,4,"{e58d3966-3d76-4cd9-8552-1582fbc800c1}"],[1651726740379,3,"{e58d3966-3d76-4cd9-8552-1582fbc800c1}"],[1651726750787,4,"{a457369f-d69d-4c1f-bfdc-0bb62559d258}"],[1651726750877,3,"{a457369f-d69d-4c1f-bfdc-0bb62559d258}"],[1651726761900,4,"private-relay@firefox.com"],[1651726762116,3,"private-relay@firefox.com"],[1651726777975,4,"jid1-KKzOGWgsW3Ao4Q@jetpack"],[1651726778123,3,"jid1-KKzOGWgsW3Ao4Q@jetpack"],[1651726790812,4,"uBlock0@raymondhill.net"],[1651726791249,3,"uBlock0@raymondhill.net"]]}